"Compound Name","Formula","Mass","RT","CAS ID",PosIon_Liver_SampleA_7Wk_Mutant1,PosIon_Liver_SampleB_7Wk_Mutant2,PosIon_Liver_SampleC_7Wk_Mutant3,PosIon_Liver_SampleD_7Wk_WildType1,PosIon_Liver_SampleE_7Wk_WildType2,PosIon_Liver_SampleF_7Wk_WildType3
PC 16:0_18:2,C42 H80 N O8 P,757.5638,6.39,,165638031.915937,130623607.705902,117082094.222083,181414483.870142,153626628.192714,196109630.675681
PC 16:0_20:4,C44 H80 N O8 P,781.5634,6.24,,171301634.214606,113791445.754659,129173119.453079,162431658.775837,158104236.17187,182569120.090298
PC 16:0_22:6,C46 H80 N O8 P,805.5637,6.02,,129251511.294588,57451944.9944894,81174122.2574895,105499150.594956,101767633.365718,137035708.494533
PC 18:0_20:4,C46 H84 N O8 P,809.5947,7.65,,145210682.809363,59483234.5882558,82331112.0318154,122777365.673628,155770156.688791,166219419.544665
PC 16:0_18:1,C42 H82 N O8 P,759.5792,7.40,,119834500.435118,99123882.6846757,97299472.658006,137880105.246332,99583757.6488694,140041167.567485
PC 15:0_18:1(d7),C41 H73 D7 N O8 P,752.6075,6.63,,108229280.364373,92482141.8172342,83025036.0316036,86940221.9140183,89181877.9491624,93845387.7324957
PC 18:0_18:2,C44 H84 N O8 P,785.5948,7.87,,121608282.498367,65648415.6232794,62728892.5335165,132698400.751286,140851441.615862,168060491.558553
TG 16:0_18:1_18:2,C55 H100 O6,856.7533,13.31,,51805319.5727378,10800055.2025018,33628047.3651345,67351482.0530762,73336864.8314189,75430302.6246218
SM d34:1,C39 H79 N2 O6 P,702.5691,5.88,,91358264.8913787,56056827.7915627,48606661.643441,7410080.90139255,7995537.34784305,9804637.2993866
SM d42:2,C47 H93 N2 O6 P,812.6789,11.27,,69306615.4209731,43386789.9330031,37719256.4116437,12945944.2628246,9352243.6369207,13005957.4392269
TG 16:0_18:2_18:2,C55 H98 O6,854.7379,13.01,,30520250.4148537,4838405.49695977,14697886.9498705,39781138.4430748,25265292.8594077,26357506.9453095
SM d40:1,C45 H91 N2 O6 P,786.6635,11.26,,50291974.3730608,29591269.7898059,26405730.0510117,14579863.2853699,4934683.86856157,20334087.0162104
PC 18:0_22:6,C48 H84 N O8 P,833.5947,7.32,,48350982.62203,14509401.1124838,29010269.6578337,31453464.607289,48301289.871288,60930420.7048356
PC 36:3,C44 H82 N O8 P,783.5791,6.55,,39834738.6285776,17302073.1669639,13345698.7543951,50432897.4384848,58474817.6702043,57824463.6373526
PC 16:0_20:3,C44 H82 N O8 P,783.5792,6.76,,30220486.9393709,12417940.2076383,14599887.6444586,41845169.829484,27543863.3732803,48747796.4519942
PC 16:0_16:0,C40 H80 N O8 P,733.5637,7.18,,40708411.8080804,29609571.6565709,29489179.0563577,20551409.7969466,15828034.1311412,22382411.4003857
PC 40:7,C48 H82 N O8 P,831.5789,6.15,,34429942.6526848,12415203.7694544,18302138.309495,28974048.4120098,36603945.6573195,37765117.9313761
SM d42:1,C47 H95 N2 O6 P,814.6945,11.75,,25527358.6184002,13062063.7841743,10147396.535813,5037380.96055056,2787248.46652935,7241920.80941924
TG 15:0_18:1(d7)_15:0,C51 H89 D7 O6,811.7661,13.26,,20089919.2120065,15218861.8264183,14842988.499031,13799448.3730154,14192986.9699019,14021462.691688
PC 18:1_20:4,C46 H82 N O8 P,807.5791,6.38,,39325833.1099964,18276716.431835,22828429.3384899,34241102.1175601,51301386.716295,39335874.5162985
TG 18:1_18:2_18:2,C57 H100 O6,880.7534,13.01,,14527743.9677645,3194516.72002252,8005170.65292722,16846805.266114,11120162.6765787,1053072.05172723
LPC 18:0,C26 H54 N O7 P,523.3651,2.73,,13025500.8321788,6608676.18080375,4371726.77968755,6034908.69830574,4742303.64377826,6652419.17002782
PE 38:4,C43 H78 N O8 P,767.5481,7.87,,94337863.3037918,46757262.3377225,47403362.8881791,97539881.9275142,99984221.6084258,131589204.39586
LPC 18:1(d7),C26 H45 D7 N O7 P,528.3931,2.02,,9575521.9970397,9266688.637866,5739970.55179094,7739208.13081649,5839366.00059918,6323289.06702947
LPC 16:0,C24 H50 N O7 P,495.3335,1.87,,8803152.57873296,6149481.73588849,3862689.63773749,6553376.65763361,2766598.98963817,6547201.11467108
PC 32:1,C40 H78 N O8 P,731.5481,6.10,,8129961.44813228,6889698.3863114,7774159.45002801,13063452.8117045,9510191.08692862,12815283.8082403
PC 38:6,C46 H80 N O8 P,805.5635,5.62,,8663942.82413058,2963625.1717144,3182046.67076873,9022281.60207796,9271606.47801893,16713089.2482037
SM d18:1_18:1(d9),C41 H72 D9 N2 O6 P,737.6411,6.03,,15846693.2615508,13853897.8957565,11836148.4430332,11114871.0676421,11719513.8234474,11284476.7069253
PE 16:0_22:6,C43 H74 N O8 P,763.5195,6.24,,117209352.128593,74853769.1953579,86602467.8400648,111490525.380183,107669599.631141,123173374.768071
PE 16:0_20:4,C41 H74 N O8 P,739.5170,6.39,,102653166.250307,77866033.5731944,71553937.6727592,35571344.8650808,96767640.8946115,85567982.8291729
PC 18:0_20:3,C46 H86 N O8 P,811.6104,8.40,,9821809.58040052,3802906.8396648,5272234.51380174,10250375.1197288,12456678.5453096,14126529.3261088
PC 34:3,C42 H78 N O8 P,755.5481,5.83,,5328564.99740698,3816151.34745332,3809430.68442498,2780977.74069204,3000006.94290322,7278767.60257133
PC 36:4,C44 H80 N O8 P,781.5635,5.74,,5860515.45492947,1980344.75978647,1386186.30600917,6446297.76176051,6221371.90922125,10833520.645292
PC 38:5,C46 H82 N O8 P,807.5794,6.78,,8982310.94476803,2657504.53478617,4258763.94542736,7157899.85393883,7156947.34103539,10490416.964858
SM d36:1,C41 H83 N2 O6 P,730.6004,7.17,,19231884.5263182,7215359.01906266,6720924.13378425,993684.525060298,1637461.6964392,1292641.93137015
PE 18:1_20:4,C43 H76 N O8 P,765.5326,6.56,,35488504.5593314,14993987.7046153,13265060.5722656,41647151.1439218,47292432.3337966,47693719.788087
SM d41:1,C46 H93 N2 O6 P,800.6791,11.58,,6013923.71544117,2784536.93816581,2145969.27477198,1358444.11583368,1542252.52358241,1492777.54728178
TG 16:0_16:1_18:1,C53 H98 O6,830.7378,13.29,,7506141.09879091,4373352.08684618,8634651.29609989,15710932.6258746,14750477.5538949,15742807.9971003
PC 36:2,C44 H84 N O8 P,785.5949,7.60,,7849182.84681861,6258054.97317904,6125779.98751903,9054966.30030035,9545844.02162122,7681180.03569586
PC 34:3,C42 H78 N O8 P,755.5479,5.50,,5481084.84945538,2190457.81974069,1449774.73859062,6170742.67901806,7759970.0745203,10283075.8724639
TG 50:2,C53 H98 O6,830.7378,13.29,,7506141.09879091,4373352.08684618,8634651.29609989,15710932.6258746,14750477.5538949,15742807.9971003
PE 40:6,C45 H78 N O8 P,791.5485,7.65,,87848608.6127367,37938782.0726639,52926006.2692839,75551909.1355322,91001415.8668784,100742164.177117
PC 36:1,C44 H86 N O8 P,787.6103,9.31,,8399052.2242602,5107031.45175979,5533468.8364472,9262662.34957641,9076565.20727588,10964700.552067
TG 52:2,C55 H102 O6,858.7691,13.66,,31529221.0212822,9748806.48111135,27961587.8345286,49745587.8257952,57146591.7458161,47742774.4513756
PC 40:8,C48 H80 N O8 P,829.5641,5.46,,4202383.05578252,1198726.81060148,1419482.83875813,3048861.61352768,3082566.57136896,5294735.11233132
PC 38:3,C46 H86 N O8 P,811.6101,7.99,,3392315.85878698,1170656.10449786,1008908.72213424,6314011.13938618,3860323.13009515,6401249.35632306
TG 15:0_18:1(d7)_15:0,C51 H89 D7 O6,811.7661,13.26,,20089919.2120065,15218645.9236488,14842988.499031,13792605.8920031,14186656.4146789,14021188.6290087
Cer_NS d18:1_24:1,C42 H81 N O3,647.6242,11.79,,2728712.7157923,1587305.99874955,1261474.39145349,2277215.29814137,1439874.66372214,1952896.2999229
TG 56:6,C59 H102 O6,906.7684,13.16,,5703836.81735665,1593913.91883281,3723320.48067826,6382152.26507006,5257420.43462392,8841898.62183629
PC 16:1_20:4,C44 H78 N O8 P,779.5476,5.39,,2329475.0376782,811832.44235743,559881.516539396,2455513.92544231,3563533.08415204,4013852.16099277
PE 18:1_22:6,C45 H76 N O8 P,789.5413,6.38,,34596801.6380082,14706323.5066694,19216655.328611,29705477.3084015,41497968.2144028,34749029.0168001
Cer_NS d18:1_22:0,C40 H79 N O3,621.6087,11.79,,1934698.55282021,1224044.81407046,1041249.43756119,2196456.33953975,606814.551395712,2643531.85228047
SM d34:0,C39 H81 N2 O6 P,704.5846,6.33,,5510655.03170231,3219385.43090791,2657186.52148794,351772.618828192,383244.501428441,377104.70813537
TG 16:0_18:0_20:6,C57 H98 O6,878.7374,12.90,,6458917.23306927,1935723.30409584,3987824.05647055,8262704.81657124,5961113.00292536,6453265.03049266
PC 36:5,C44 H78 N O8 P,779.5479,5.60,,1635750.89328141,682329.366572361,963282.492647188,1129596.57993329,2981546.94921091,2863675.58867645
PE 16:0_18:2,C39 H74 N O8 P,715.5166,6.63,,2342932.3824752,1891533.86627805,1471228.90730355,3341491.04166549,2663193.88459757,4946564.93697866
EtherPC 34:1e,C42 H84 N O7 P,745.5988,8.44,,7347106.14032483,3324046.75395629,2560211.55702311,685480.084178909,623560.683345272,828487.698303038
PC 40:5,C48 H86 N O8 P,835.6098,7.81,,2854724.98680044,1088441.12112436,1616446.75288786,3441708.52455552,3834520.02158837,5448471.58707098
PC 38:4,C46 H84 N O8 P,809.5944,6.93,,2032847.88943393,883209.641034995,,2789227.0784768,2862675.5331088,2813171.06317942
TG 16:1_18:2_18:2,C55 H96 O6,852.7220,12.78,,4573411.1240879,946841.062214411,1674976.32558852,7733315.5089277,4484339.75246981,6047459.17742091
PE 18:0_18:2,C41 H78 N O8 P,743.5477,8.21,,2229391.68104814,1353901.22050321,1276647.28426439,2534399.11426146,2798452.03476253,4712514.66751011
PC 34:0,C42 H84 N O8 P,761.5945,9.00,,3469070.5629928,2614772.8353034,2493046.86821506,1698726.48372691,1618805.44154471,2287386.27755155
PC 37:4,C45 H82 N O8 P,795.5791,6.88,,1782088.454584,661703.604354566,548754.214574522,1768647.99195667,2153697.77760337,3289439.70241587
SM d42:3,C47 H91 N2 O6 P,810.6620,9.54,,7900402.43321887,4321743.47676998,3296939.27315774,1023309.37147016,958903.748271114,1152946.1522524
TG 56:6,C59 H102 O6,906.7683,13.17,,5706555.75764247,537070.846766513,3722118.38470002,1929441.56086896,5257420.43462392,8841898.62183629
PC 18:2_20:2,C46 H84 N O8 P,809.5927,6.80,,2105304.4421848,,,1752195.97558408,1465090.14891707,2183376.977251
TG 18:1_18:2_20:1,C59 H106 O6,910.7996,13.68,,2062391.03463726,445298.993005881,1280772.88173962,3332880.90661407,2972582.20277307,3603201.20801938
TG 16:0_18:1_22:4,C59 H104 O6,908.7839,13.43,,1865031.4983347,467014.509287659,1826006.21929471,2654958.12683849,1438158.60763742,2804812.3625175
PC 40:7,C48 H82 N O8 P,831.5786,5.90,,1272612.74174564,462985.561046242,588047.182363822,1082579.69805899,1026856.537628,1859505.95820484
Cer_NS d18:1_24:0,C42 H83 N O3,649.6395,12.07,,1408459.40673767,1085457.74654504,944048.572893379,1534320.76237542,862002.767204621,2206332.23848465
PC 38:7,C46 H78 N O8 P,803.5471,5.23,,1219174.4930819,300550.334046551,422064.908942221,1097076.10127186,1635004.00006189,2131350.22870543
TG 56:5,C59 H104 O6,908.7833,13.34,,2096503.75478442,467014.509287659,1302841.28356894,2745477.63940993,3127477.03121946,3180166.92185047
EtherPC 32:0e,C40 H82 N O7 P,719.5836,8.24,,4712201.81589373,2278970.49205538,1683513.5380406,402448.733841642,369787.931432218,542291.41095147
LPC 18:1,C26 H52 N O7 P,521.3489,2.03,,1399434.96395045,931767.38623774,598631.418892268,1167859.80924154,834462.00515752,1007145.72921259
PC 14:0_16:0,C38 H76 N O8 P,705.5329,5.90,,1299796.94518655,1094957.49503147,1095718.10767531,469346.888682955,422642.26384207,613604.842093611
PS 18:0_20:4,C44 H78 N O10 P,811.5347,6.30,,5581633.73692373,2501134.43827356,3627915.1706377,3979300.07629702,5979811.71998348,5013149.94951886
EtherPC 38:5e,C46 H84 N O7 P,793.6012,7.21,,4721001.15145674,1389637.51221032,1710988.40668602,1101422.70371438,1043560.29538415,1790038.39046973
TG 54:4,C57 H102 O6,882.7690,13.31,,21117895.2512073,5271293.69657807,12993714.6222249,23250874.2565291,36148488.3594133,29068815.0414055
PE 18:1_18:2,C41 H76 N O8 P,741.5325,6.80,,1501308.71025109,1043401.49278765,713998.290838034,2227172.31247988,2008690.19391032,3056454.81594217
PC 40:5,C48 H86 N O8 P,835.6096,8.41,,2433933.64866405,535740.705098733,1032704.71017713,1446073.91794906,1867850.85591723,2272529.59768003
PG 15:0_18:1(d7),C39 H68 D7 O10 P,741.5545,5.66,,1714150.64950731,1405188.54208111,1225317.89536468,1238267.34862682,1294931.16770533,1410530.30135486
PC 33:2,C41 H78 N O8 P,743.5475,5.84,,994946.081568393,727728.642928509,459376.071297869,902834.759662197,624909.234023803,1511185.25226928
PS 18:0_22:6,C46 H78 N O10 P,835.5369,6.06,,2126357.31256723,1065457.44458652,1317163.42008411,1885022.53566738,1199036.78735012,2838288.70447119
PC 35:2,C43 H82 N O8 P,771.5788,7.06,,1090792.54201738,759640.390457278,579242.600758841,1524969.36015377,1093177.59124519,2288994.12745267
PC 35:7,C43 H72 N O8 P,761.4986,6.42,,10778860.6311205,8652135.3479462,8316832.66527796,11217448.7188524,9873198.40768664,12119462.2035105
PC 36:4,C44 H80 N O8 P,781.5627,5.90,,961577.979685863,1061299.66155947,843174.134069709,762815.923303714,1198232.86847152,2087100.29066333
LPC 18:1(d7),C26 H45 D7 N O7 P,528.3928,1.85,,995279.05878209,1029198.52356424,615512.506305407,878559.354246033,567722.627417192,686543.824430426
TG 48:2,C51 H94 O6,802.7066,12.99,,2203902.16422783,2140345.6273835,2520066.8196927,3109122.47534866,2024695.20044694,2166241.08885204
PC 38:4,C46 H84 N O8 P,809.5940,7.23,,2450324.07566907,624185.9040313,1284847.47472476,,,
EtherPC 36:4e,C44 H82 N O7 P,767.5825,7.06,,3153083.54907433,879644.268833445,900649.126977689,476019.802120363,509163.805843514,39888.6450925605
TG 56:7,C59 H100 O6,904.7531,12.90,,4169454.87991463,761624.193053662,2199400.81200597,3961483.88874672,7362340.32589682,2805172.58102204
TG 16:0_16:0_16:0,C51 H98 O6,806.7374,13.69,,2129855.90491226,1661193.70131436,2092765.20544607,2088669.87321922,1796898.2678267,2313271.34255028
TG 56:8,C59 H98 O6,902.7364,12.67,,1570946.90906887,985784.043214959,790152.417178625,1503225.86109067,1898551.36528837,2958422.98088271
TG 58:10,C61 H98 O6,926.7364,12.56,,1323612.37861447,170451.125341904,467518.329176865,966555.5048696,1373254.03858583,2170974.41368978
TG 50:4,C53 H94 O6,826.7061,12.72,,740935.222655271,171595.883659278,533489.155034227,1554985.64880547,2387978.29123731,186766.1040564
LPC 0:0_20:4,C28 H50 N O7 P,543.3333,1.38,,1138071.03990661,488289.294301601,470533.352885872,526010.439984119,636909.540015914,1238311.88807413
LPC 0:0_18:2,C26 H50 N O7 P,519.3331,1.40,,1221909.8470203,694480.700401489,466469.428461241,549452.91491321,428854.44988541,1080237.34956219
TG 54:7,C57 H96 O6,876.7206,12.56,,762150.664346617,180676.733910571,445513.108289997,959005.46109872,1403473.6744884,2111427.00580683
PC 33:1,C41 H80 N O8 P,745.5613,6.66,,1661147.76515327,1182227.5645454,1038666.33251302,2179606.87084924,1834188.21855413,2637782.70844398
SM d40:2,C45 H89 N2 O6 P,784.6463,9.09,,3145141.40478206,1422528.51680255,1631047.67383604,1026047.06160203,246712.454251155,765858.439097942
TG 54:6,C57 H98 O6,878.7377,12.77,,4186523.19882618,621985.336914823,1424723.9878853,5270866.93772896,7829245.60919139,16690436.9698572
PC 37:5,C45 H80 N O8 P,793.5628,5.86,,779585.726133962,344116.262010961,327399.296537201,523790.350611945,628365.155128541,1020622.92567053
TG 56:6,C59 H102 O6,906.7684,13.16,,5703836.81735665,1593913.91883281,3723320.48067826,6382152.26507006,5257420.43462392,8841898.62183629
TG 54:7,C57 H96 O6,876.7209,12.69,,976425.221552369,294185.784475107,964723.209047261,715367.643390737,1027442.41430804,1940999.82600968
TG 52:5,C55 H96 O6,852.7220,12.78,,4573411.1240879,946841.062214411,1674976.32558852,7679783.26328661,4484339.75246981,5692507.11818233
PC 40:6,C48 H84 N O8 P,833.5939,6.64,,1241010.82213698,640197.689840779,838105.704036085,1398396.99418214,1777827.11104589,1736747.78952817
LPC 18:2,C26 H50 N O7 P,519.3332,1.54,,1207038.68132908,559638.260259006,376536.764890611,404792.293308386,295465.814921305,599459.377935386
TG 52:1,C55 H104 O6,860.7846,14.14,,4288236.60921094,3392692.60634978,4365655.14222883,4947345.17218648,4886969.29418361,4792850.22921224
TG 18:0_18:1_20:4,C59 H104 O6,908.7837,13.54,,1414076.23237025,167782.76307784,765298.144716135,1016609.27255665,1133244.80686695,1590227.88208496
TG 16:0_20:4_22:6,C61 H98 O6,926.7364,12.56,,1344670.83040327,242284.341349603,602722.780172611,1004955.2327088,1369257.51318172,2163749.0247165
PC 39:6,C47 H82 N O8 P,819.5780,6.61,,1100007.97296848,375021.748643885,572556.284157398,978400.037114577,934896.197746907,1984714.15799376
EtherPC 14:1e_4:0,C26 H52 N O7 P,521.3488,1.86,,830016.931024735,582354.202154682,353944.770816359,464652.393739215,237199.710079158,519665.926373765
SM d42:1,C47 H95 N2 O6 P,814.6936,11.54,,1597290.51809835,661137.675424431,586871.526985288,101087.382051272,123373.430992362,106494.296374253
PC 36:5,C44 H78 N O8 P,779.5473,5.17,,520815.509905938,108768.086556618,79168.3587337432,634380.205199016,628145.623544849,1238653.52350738
TG 18:1_18:2_22:4,C61 H104 O6,932.7831,13.13,,1432491.95192851,483370.940326446,914424.47767528,1572431.71190334,1684057.31569396,2581049.32497461
TG 56:5,C59 H104 O6,908.7839,13.43,,1865031.4983347,467014.509287659,1826006.21929471,2654958.12683849,1438158.60763742,2804812.3625175
TG 50:1,C53 H100 O6,832.7536,13.67,,5884452.09191615,4200252.16679753,7143431.13025615,10076627.3597912,8685934.04280921,9238559.89373082
PC 32:2,C40 H76 N O8 P,729.5319,5.36,,413515.853159259,357749.417893582,260901.264135583,709881.948555458,812224.370317966,948223.329351314
TG 51:3,C54 H98 O6,842.7371,13.14,,878906.536190872,404446.836989875,709837.655467235,763230.159727291,1440737.03895797,1583795.6524798
SM d34:2,C39 H77 N2 O6 P,700.5529,5.13,,1260559.75249328,656959.323780444,493292.565755731,129896.571579484,89527.9108435868,182573.712659604
PC 42:10,C50 H80 N O8 P,853.5634,5.30,,570293.978878118,493925.0348221,236941.060828624,499210.668022226,386117.941579664,804660.031751663
TG 12:0_12:0_14:0,C41 H78 O6,666.5839,12.10,,614547.602101815,439664.401953488,467991.427332449,609629.791152862,653626.055482351,705895.287808541
PE 38:5,C43 H76 N O8 P,765.5315,7.06,,,,1018873.87095364,,,
TG 16:0_17:1_18:1,C54 H100 O6,844.7524,13.47,,586709.688959731,409464.16490086,1059245.20240554,1748383.55506641,1213745.94361179,1811293.83183108
PC 15:0_18:1(d7),C41 H73 D7 N O8 P,752.6068,6.83,,1238563.22102902,964762.809563283,,853610.165234376,,1242492.50711026
PC 36:3,C44 H82 N O8 P,783.5784,7.15,,,,627729.716116411,,,
SM d40:0,C45 H93 N2 O6 P,788.6785,11.53,,999365.921815442,464059.627079732,417789.073414826,99461.9568780304,69832.0219820313,154366.959603422
TG 53:3,C56 H102 O6,870.7670,13.50,,744899.428807499,276872.50564819,625600.684321406,1317410.99001761,1608414.28890866,
SM d42:2,C47 H93 N2 O6 P,812.6787,11.42,,700997.21934708,463923.722615203,319370.002225463,304321.290609298,184329.835898105,468183.925544678
PC 18:1_18:2,C44 H82 N O8 P,783.5791,6.55,,39834250.6769892,17309677.6216185,13277992.5091873,50566498.0566941,58512043.5005276,57833137.8261606
SM d37:1,C42 H85 N2 O6 P,744.6151,8.00,,1242513.95716508,326479.705660944,331126.635282528,214061.110189947,214953.14217053,280638.022675429
SM d42:1,C47 H95 N2 O6 P,814.6945,11.75,,25527358.6184002,13062063.7841743,10147195.1689526,5037411.46807005,2787248.46652935,7241920.80941924
TG 15:0_16:0_16:0,C50 H96 O6,792.7214,13.48,,944476.808842609,913945.058471834,805638.119288193,898393.319654379,927136.361957161,896339.87226076
TG 16:1_18:2_22:6,C59 H96 O6,900.7218,12.53,,908967.078950565,,358568.890512495,1053400.64064376,1516250.25580838,422244.290900989
TG 16:0_16:0_20:4,C55 H98 O6,854.7371,13.18,,582784.023316582,214133.533585831,641776.40777021,557059.388172339,12655514.3651547,19278139.3639544
DG 16:0_18:2,C37 H68 O5,592.5076,9.62,,1765637.45846592,917655.767355327,737330.497523336,2759864.45051007,1664822.50408668,1896230.45980468
PC 16:0_17:0,C41 H82 N O8 P,747.5741,7.99,,2377170.00699271,963009.858072892,1154259.28906905,2090928.58457748,2024734.19111686,3345913.73427721
PC 35:2,C43 H82 N O8 P,771.5787,6.84,,,,,864969.319589432,591751.814073242,993685.054793294
Cer_NS d18:1_23:0,C41 H81 N O3,635.6247,11.93,,428558.663254692,261916.578073411,310211.411142452,442271.688438089,431199.113186435,475706.687517916
LPE 18:0,C23 H48 N O7 P,481.3182,2.84,,483438.031224333,226673.448694953,211863.584271404,201671.862465167,171094.388544871,337432.152106139
TG 58:10,C61 H98 O6,926.7364,12.56,,1323612.37861447,170451.125341904,467518.329176865,966555.5048696,1373254.03858583,2170974.41368978
EtherPC 32:1e,C40 H80 N O7 P,717.5682,7.99,,1120473.92419773,382493.696042029,383915.712293853,302605.153217731,246379.213686643,351285.203164839
TG 54:7,C57 H96 O6,876.7209,12.69,,976425.221552369,294185.784475107,965184.531420857,709449.616516983,1041957.59661432,1940999.82600968
TG 15:0_16:0_18:1,C52 H98 O6,818.7367,13.48,,1415731.52270895,1009545.39233838,1073320.03138679,1614504.27722832,1382229.30894135,1401745.42317828
EtherPC 34:2e,C42 H82 N O7 P,743.5830,7.29,,3870862.16140806,1356155.69939269,941142.756183524,693800.816662955,401381.26953678,674319.740780253
TG 56:5,C59 H104 O6,908.7837,13.54,,1414076.23237025,167782.76307784,765298.144716135,1016609.27255665,1133244.80686695,1590227.88208496
PC 36:0,C44 H88 N O8 P,789.6268,11.25,,327780.482117218,277055.157709609,243033.372502133,207165.493574162,142493.74755933,246460.697477291
DG 18:1_18:1,C39 H72 O5,620.5408,11.38,,1219199.53142385,877897.150757682,755106.550768528,972919.218243277,1240626.74305009,788259.686660969
TG 18:1_18:1_22:4,C61 H106 O6,934.7985,13.43,,1157237.83579661,198557.431947091,711486.988772541,1288805.0332756,874512.552121712,1790550.09455028
PC 17:1_18:2,C43 H80 N O8 P,769.5630,5.98,,504692.190948479,255138.495439624,,692141.949120191,599679.17700664,367008.206023413
TG 54:7,C57 H96 O6,876.7206,12.56,,762150.664346617,180676.733910571,445513.108289997,959005.46109872,1403473.6744884,2111427.00580683
TG 16:0_16:0_18:0,C53 H102 O6,834.7681,14.16,,744650.478830139,735035.517515803,743756.876316897,803743.348458359,814280.985005465,841325.353429455
TG 56:8,C59 H98 O6,902.7364,12.67,,1570946.90906887,985784.043214959,791341.784624665,1478880.25421822,1895298.9039167,2958422.98088271
BMP 18:1_18:1,C42 H79 O10 P,774.5404,5.53,,1542655.57513809,577404.727456948,532325.967657913,,166736.444540121,255864.50528954
PC 20:1_22:6,C50 H86 N O8 P,859.6095,7.44,,464953.964418008,209435.968163331,296527.414514382,586093.837825146,444156.176146019,866977.068521321
SM d36:0,C41 H85 N2 O6 P,732.6156,7.82,,1649952.4306471,664438.647149048,535167.413843262,58262.1081328585,103134.110136489,88200.2379157165
PC 34:4,C42 H76 N O8 P,753.5315,5.25,,244121.41874776,117991.226344834,134928.756510694,211638.653445735,342460.875005541,410002.119277786
LPC 0:0_22:6,C30 H50 N O7 P,567.3329,1.33,,420220.553646759,156029.783275244,193193.124254553,159242.237574331,202629.718197995,448162.342160851
TG 16:1_18:2_18:3,C55 H94 O6,850.7044,12.53,,193763.607669619,29206.2372197262,244358.023085596,455551.352133527,852166.797312627,969272.044513842
DG 18:0_20:4,C41 H72 O5,644.5398,11.37,,435892.129221996,218114.589022305,237244.214077501,663796.32403791,750746.28241973,518426.432836888
PC 40:4,C48 H88 N O8 P,837.6252,9.05,,688499.186070669,256346.847931019,357098.394740429,405076.518458731,504774.053236594,602192.89035396
PC 38:2,C46 H88 N O8 P,813.6250,9.73,,671790.150402184,331299.370078552,253327.190386418,852665.712987,708001.045153036,797152.607074614
DG 16:0_18:1,C37 H70 O5,594.5245,11.29,,533118.741637821,533086.58341468,485289.802350812,1433755.98897179,947863.225639001,704755.167632292
LPC 0:0_16:0,C24 H50 N O7 P,495.3331,1.69,,343906.620371948,233313.862233121,171643.342082282,177956.721599521,101656.502390813,149082.715939928
PE 16:1_20:4,C41 H72 N O8 P,737.5012,5.50,,3626728.350119,1596466.47426672,1204127.8930285,4959578.19915112,5439917.06394925,7340122.75376563
PE 15:0_18:1(d7),C38 H67 D7 N O8 P,710.5598,6.89,,615063.587323918,378165.593199957,347641.589582834,395273.555026028,459827.015354632,480239.659483923
PC 38:2,C46 H88 N O8 P,813.6247,9.98,,319920.524362719,278266.01046829,113334.069371004,1041865.48815446,154257.596349604,1834001.0507466
TG 54:1,C57 H108 O6,888.8150,14.69,,1815596.64582587,1675424.98606207,1765555.47839574,2148751.31246078,1724672.69626262,2087272.04596173
DG 15:0_18:1(d7),C36 H61 D7 O5,587.5514,10.14,,1732543.29623338,1326406.1253932,1166783.99653094,1069797.05886827,1141233.73346982,1225793.99779798
PC 15:0_20:4,C43 H78 N O8 P,767.5470,5.71,,,,,,,696892.363895472
SM d33:1,C38 H77 N2 O6 P,688.5527,5.39,,506641.105797821,256474.69247529,209294.79813245,123423.182172279,178387.242378518,177424.750280383
PE 38:3,C43 H80 N O8 P,769.5629,8.78,,499961.295657382,259843.267056611,290313.532152316,582243.490832926,423965.429376909,882425.013833052
PC 38:7,C46 H78 N O8 P,803.5473,5.48,,576515.498345713,,207683.838520871,244533.296874312,,
PC 35:1,C43 H84 N O8 P,773.5945,8.26,,488897.719868592,387440.558699044,360663.007503209,661672.364575653,479444.107624052,808319.714158944
TG 52:6,C55 H94 O6,850.7049,12.61,,260121.12507759,36639.0741376205,244358.023085596,397834.178198161,768948.75730151,964558.162362782
PC 40:4,C48 H88 N O8 P,837.6250,9.67,,309470.506417524,170096.279321853,142046.396897521,745165.784946952,147289.654821636,1508385.62920529
TG 12:0_12:0_12:0,C39 H74 O6,638.5507,11.84,,501815.703995153,512227.002527629,434130.722192622,471787.824819606,495816.636181632,437416.018581274
DG 18:1_18:2,C39 H70 O5,618.5233,9.93,,1541047.94421884,480670.086070441,512352.790550054,945337.853096466,1158528.68340893,894153.490955131
PS 16:0_22:6,C44 H74 N O10 P,807.5066,5.17,,454142.154224794,227955.13805402,213531.622591705,425785.308268664,297536.749745727,420453.843146924
TG 12:0_12:0_16:0,C43 H82 O6,694.6137,12.36,,474176.644566239,324384.403266047,530049.073060906,399421.256064892,480685.653165062,463789.773017538
SM d40:2,C45 H89 N2 O6 P,784.6460,9.45,,782448.774739355,369301.182221135,337330.640126391,434519.976253003,144074.16820576,664347.572173316
EtherPC 14:0e_4:0,C26 H54 N O7 P,523.3647,2.54,,311970.41794057,180500.229598151,110557.798640712,155691.142657923,115870.688936907,137075.989472271
PC 42:8,C50 H84 N O8 P,857.5915,7.80,,335955.490913656,126220.843050791,155070.269647959,343506.765530694,330009.126735366,477565.194939484
BMP 18:1_18:2,C42 H77 O10 P,772.5265,5.00,,928313.547711318,384069.644547501,343820.564519066,,,
LPC 22:6,C30 H50 N O7 P,567.3329,1.43,,445747.604916375,137552.396242238,176584.144135239,100716.552860178,123200.130974617,187232.804116373
PC 37:2,C45 H86 N O8 P,799.6095,8.82,,255301.002032544,238368.150192795,201872.724673395,596718.74623196,299147.944233649,809967.280017257
LPE 18:1(d7),C23 H39 D7 N O7 P,486.3456,2.12,,232650.434406722,175624.605681352,156990.870500696,144731.711395147,161782.462320528,175856.881163184
PC 38:7,C46 H78 N O8 P,803.5466,5.10,,1111991.42000703,,77597.7045098337,1103406.92031706,250473.564056911,415618.267641318
PS 16:0_20:4,C42 H74 N O10 P,783.5057,5.31,,518962.934485475,215398.753116961,230091.27808904,591780.245888329,233549.980858036,377443.351733196
PC 39:4,C47 H86 N O8 P,823.6095,8.57,,294428.661586826,137843.664428304,194203.057303778,502962.009740971,320225.292096176,721293.178853656
PE 18:0_22:5,C45 H80 N O8 P,793.5627,8.80,,442394.383317276,109550.670507987,309527.015022216,,,408498.789070205
TG 12:0_14:0_16:0,C45 H86 O6,722.6438,12.64,,443955.144302958,539557.715689459,543496.708372114,404180.337141679,583174.031341951,390122.955475713
PE 18:2_20:4,C43 H74 N O8 P,763.5171,5.90,,895614.138609233,98720.9941741157,528191.419353376,748362.534303196,993933.438874024,6887174.63745971
TG 53:3,C56 H102 O6,870.7670,13.50,,744899.428807499,276872.50564819,625600.684321406,1317744.56917782,1608414.28890866,
TG 18:2_20:4_22:6,C63 H98 O6,950.7364,12.47,,311203.291756304,63022.8591027448,115602.023649311,225378.47815553,269970.203322035,489429.500469077
EtherPC 38:4e,C46 H86 N O7 P,795.6139,8.83,,1138776.25271372,308262.614210262,342272.486487439,,161752.057190714,
DG 16:0_20:4,C39 H68 O5,616.5076,9.27,,660486.738874703,316414.07213988,400140.30703892,1187927.03097673,842840.415807528,811895.639759986
ACar 16:0,C23 H45 N O4,399.3362,1.65,,281054.927217037,102287.096358635,87158.8467549894,88798.8902640735,83103.6874857527,116571.167963284
SM d32:1,C37 H75 N2 O6 P,674.5366,4.97,,412385.183412246,209554.663899919,165868.435589987,24307.5614273542,40731.2366070451,28634.6992950248
SM d41:1,C46 H93 N2 O6 P,800.6782,11.51,,6013923.71544117,148679.089112251,113506.652966742,154505.280329551,1550686.49846759,149902.785173172
PC 18:2_18:3,C44 H78 N O8 P,779.5473,5.28,,521995.169230498,799211.743751371,861211.92616316,2467397.84066858,631236.816931944,1235131.40734908
TG 54:7,C57 H96 O6,876.7209,12.64,,974013.493217689,294185.784475107,434139.107055524,588371.256588991,702683.863147055,957234.157226646
TG 16:0_18:0_18:0,C55 H106 O6,862.7988,14.72,,474232.766658648,386052.728288616,468205.319203826,428288.494394576,400162.405930194,453612.1185112
CE 18:1(d7),C45 H71 D7 O2,657.6453,14.24,,249380.35858527,149405.870064975,171568.622945027,173968.323650648,191032.8422681,170321.434549439
TG 58:11,C61 H96 O6,924.7203,12.39,,,44087.0872912984,110388.079492955,,321577.153162586,571775.981183948
DG 16:0_22:6,C41 H68 O5,640.5079,8.78,,664960.049042689,179349.613507049,265167.516747274,841594.639216375,795296.798702057,574714.311331624
Cer_NS d18:1_24:2,C42 H79 N O3,645.6106,11.48,,6901.1486313479,332925.450214668,231847.480531077,447048.803087214,307315.341666961,56270.4701068614
Cer_NS d18:1_20:0,C38 H75 N O3,593.5769,11.32,,310306.865867802,134307.490088528,127890.927663146,172854.220610935,73268.4558014439,152549.285648901
ACar 18:1,C25 H47 N O4,425.3513,1.83,,337082.003758853,82453.9577547489,69551.9912765397,139454.858203477,105146.213965337,108984.183511649
TG 16:0_17:0_18:1,C54 H102 O6,846.7672,13.88,,355915.945929185,,,543598.619228239,576817.973831005,
LPC 20:0,C28 H58 N O7 P,551.3969,3.54,,166584.377527786,107501.526180913,57297.070405177,98945.9343433421,17680.7731687919,124466.917598053
PC 36:6,C44 H76 N O8 P,777.5315,5.11,,111155.655094983,42335.1408174398,64015.4604664795,82055.9621659608,152691.543562958,167363.078697104
TG 16:0_16:0_17:0,C52 H100 O6,820.7520,13.82,,360329.089979244,404611.831471922,283756.632770066,338207.763195798,337534.740073299,446055.113379028
SM d39:1,C44 H89 N2 O6 P,772.6460,10.22,,489389.789171595,302522.785177176,256820.486627751,302864.223048311,173620.470571928,403758.789915501
PC 38:3,C46 H86 N O8 P,811.6095,8.97,,241717.767394617,83817.7789033571,156495.209871869,138568.66249589,325190.989344961,160087.104775832
LPE 16:0,C21 H44 N O7 P,453.2865,1.97,,168657.550612957,98531.8120467253,83623.1210761125,110899.873440751,80073.6390847901,130832.816775359
PC 37:3,C45 H84 N O8 P,797.5922,7.58,,167214.113323973,101403.081528698,94235.7276812742,203039.75362757,202307.48745576,758516.472655264
EtherPC 36:2e,C44 H86 N O7 P,771.6145,9.10,,547550.709520608,212216.289808709,142512.107809586,65268.029650681,319685.836121433,
TG 14:0_14:1_16:1,C47 H86 O6,746.6430,12.45,,387940.411127628,406386.672779445,409662.441849524,430455.957668363,401534.170385753,417565.972904143
TG 18:0_18:0_18:0,C57 H110 O6,890.8293,15.40,,509451.389440016,505268.14417193,464570.726204977,468518.800288964,475406.121197567,456215.706102249
SM d41:2,C46 H91 N2 O6 P,798.6614,10.27,,436212.630102087,268824.294685249,218169.789658477,263612.952993065,189053.75863372,238534.387614781
TG 14:0_18:2_22:6,C57 H94 O6,874.7040,12.51,,90660.3500621444,17713.2803264969,91153.4685496373,260798.785150032,444902.371463428,616310.444504252
PE 40:4,C45 H82 N O8 P,795.5785,9.48,,463010.220391154,205013.901122229,202411.77681838,177560.901455067,262454.30587741,315650.810936245
Cer_NS d18:1_22:1,C40 H77 N O3,619.5925,11.35,,178339.894709229,68479.9537002567,68470.0878029061,229782.401399287,37753.6253885998,132641.013179387
LPC 24:0,C32 H66 N O7 P,607.4593,4.92,,223535.439801776,114207.820736202,84829.2458585598,24245.5483137296,19439.2036565619,37294.0109730908
BMP 22:6_22:6,C50 H75 O10 P,866.5102,4.33,,267665.193719571,73223.4673986281,80999.5251547488,60990.8504457081,88630.4772183381,85398.3975885787
DG 18:2_18:2,C39 H68 O5,616.5077,8.29,,544400.80596921,199264.247252109,162087.696684614,356571.538280501,374246.118140803,483879.216053002
BMP 18:2_22:6,C46 H75 O10 P,818.5105,4.45,,417829.845728441,133316.317218114,114907.22012743,49970.4804247845,38139.884308231,47613.4860903463
TG 12:0_14:0_16:1,C45 H84 O6,720.6279,12.40,,293724.202941293,304405.801510003,268842.211704723,349267.152608908,264543.820844534,338526.485420843
ACar 20:0,C27 H53 N O4,455.4013,3.27,,209801.338693478,121079.062163135,144922.388692861,207629.133308778,224873.47826666,135519.533852331
ACar 20:1,C27 H51 N O4,453.3832,2.63,,124501.659373926,37204.5003362711,24565.7950293395,70851.8894190622,71387.0988150635,89871.6993837065
LPC 0:0_20:3,C28 H52 N O7 P,545.3487,1.63,,132445.763370593,80611.4778672989,62878.1809464806,89887.5451658138,67582.6215672627,119749.403349624
TG 18:0_18:1_22:4,C61 H108 O6,936.8139,13.71,,,,,597642.002534658,,573180.457111263
PC 42:6,C50 H88 N O8 P,861.6244,9.19,,123607.657433087,86161.8955759776,86048.4668163204,246222.77124194,50606.6910240494,566818.571780031
EtherPC 40:4e,C48 H90 N O7 P,823.6506,11.18,,240656.746579408,159990.663712207,104053.68501852,,,
LPE 18:1,C23 H46 N O7 P,479.3029,2.14,,95961.5004582552,60401.94914143,45033.1692019436,78376.923374445,61834.245989204,109174.111877049
PE 36:1,C41 H80 N O8 P,745.5629,9.76,,297265.296123381,230041.913817102,222639.827022598,268027.104624505,220366.00816343,315809.00142978
LPC 19:0,C27 H56 N O7 P,537.3817,3.16,,118470.065807198,77081.6888201294,49702.0898360806,69838.910983022,33322.0775899872,64519.8246963077
PC 41:6,C49 H86 N O8 P,847.6095,8.18,,96307.7773719105,46784.9100616326,71050.3056095084,150762.18129574,102169.694628967,330887.241792526
PC 38:2,C46 H88 N O8 P,813.6254,9.47,,182807.732259246,,,305665.397288746,151133.754005731,244263.794411077
PE 36:5,C41 H72 N O8 P,737.5057,5.83,,3631735.77572356,2540668.20290592,2598976.93229539,2395723.57046348,2149112.01990855,5008822.54149791
EtherPC 34:0e,C42 H86 N O7 P,747.6145,10.55,,648602.429082698,357006.641065764,254154.344921087,65726.2653175763,64000.0265790232,81389.0883220131
LPC 17:0,C25 H52 N O7 P,509.3490,2.30,,84387.2039885957,75248.0858080527,38860.7331459086,53254.2441052843,47118.5222955074,71397.6935407243
ACar 22:1,C29 H55 N O4,481.4136,3.42,,18734.3002530839,12707.1539510209,,63244.245130335,24919.993557708,53832.0846337955
TG 56:2,C59 H110 O6,914.8305,14.65,,441247.937551189,269794.266571057,350057.509317058,911544.307558894,330030.066633446,1064952.23697488
TG 16:0_18:0_22:0,C59 H114 O6,918.8591,16.22,,265895.605775037,217873.19458511,312915.541464608,283922.702959521,305311.950977465,331520.097301762
TG 54:0,C57 H110 O6,890.8293,15.40,,509451.389440016,505268.14417193,464570.726204977,468518.800288964,475406.121197567,456215.706102249
BMP 18:2_18:2,C42 H75 O10 P,770.5107,4.58,,278792.487115359,,113808.687261943,,,
Cer_NS d18:1_24:0,C42 H83 N O3,649.6395,12.07,,1408459.40673767,1093970.2108758,944048.572893379,1534320.76237542,862002.767204621,2220497.43454945
EtherPC 34:0e,C42 H86 N O7 P,747.6145,10.55,,648602.429082698,357006.641065764,254154.344921087,65726.2653175763,64000.0265790232,81389.0883220131
ACar 18:2,C25 H45 N O4,423.3369,1.38,,57336.6368519628,29249.9869206951,23502.5839974457,43327.1061778226,36580.6909911825,55546.0063354612
LPC 20:1,C28 H56 N O7 P,549.3804,2.85,,52203.1210792267,39780.4476736938,24318.3829151299,67507.7459574095,26522.5365614034,53999.3439434926
LPC 16:1,C24 H48 N O7 P,493.3185,1.34,,43871.0306666834,46355.6025109454,20940.5714323406,41557.5491219251,49872.7872391952,71387.0943953188
PC 19:0_18:2,C45 H86 N O8 P,799.6087,8.48,,24046.8191547915,48812.6920223324,34959.2548087072,148116.335528386,88166.1612098809,196801.254457135
PE 40:4,C45 H82 N O8 P,795.5783,10.00,,256876.990961379,,,,,
TG 16:0_18:1_22:0,C59 H112 O6,916.8446,15.37,,183359.463559008,166647.02149167,156686.094395738,239697.526608598,176790.51382221,302081.112183232
TG 18:1_18:1_22:1,C61 H112 O6,940.8433,14.62,,145365.349825978,82358.7870969586,120501.846547738,328255.661115182,113627.110486464,429436.190691339
TG 16:0_17:0_18:0,C54 H104 O6,848.7817,14.31,,161776.982144453,139659.948378376,,,124014.910855191,132787.848640082
TG 16:0_17:0_18:0,C54 H104 O6,848.7813,14.43,,161754.080147043,113078.696324472,108421.635327444,102166.056733958,106089.031404165,135168.755169174
TG 18:0_18:0_22:0,C61 H118 O6,946.8869,17.19,,417197.113300858,300316.91218112,328125.046095544,396484.77670355,386288.073815215,376122.189516495
TG 18:1_18:1_22:0,C61 H114 O6,942.8586,15.35,,336210.046515315,241969.204721771,265249.500514567,289708.747678605,140119.510930095,364314.460902202

